{
  "nodes": {
    "+value#1": {
      "contentWidth": 409.88884303634984,
      "rfNode": {
        "position": {
          "x": -90.3159166559685,
          "y": 95.7741671649429
        }
      }
    }
  }
}